iN,lD,lP,lV,lH,lR,lM,mN,mV,mH,mR,mM,kP,kV,kH,kR,mP,"
            mD",aNP,aDV,aPH,aR
1e3,0.1,0.1,0.1,0.1,0.1,0.1,0.002,0.1,0.1,0.1,0.5,8e3,200,100,50,1.234,0.0148216,8.2364e-5,7.777779999999999e-7,5.83333e-5,0.00133333
