iN,lD,lP,lV,lH,lR,lM,mP0,mN,mV0,mH0,mR0,mV,mH,mR,mM,hN,hD,hP,hVHM,mP,mD,aNP,aDV,aPH,aR,aM
10,0.1,0.1,0.1,0.1,0.1,0.1,0.01,0.01,0.1,0.1,0.1,0.1,0.1,0.1,0.5,127.02864750058434,31.57894736842106,84.21052631578948,8,0.0242023,2.36009,0.007872239999999999,0.03166666666666666,0.011875,0.125,0.4
