iN,Neq,Deq,Peq,Veq,Heq,Req
5,134.804,7.31419,27.8308,0.447232,0.839182,0.125428
10,250,15,40,1,1,0.5
20,559.757,28.7955,55.545,1.59554,1.23383,0.820118
