V,H,R,Neq,Deq,Peq,Veq,Heq,Req
1,1,1,250,15,40,1,1,0.5
1,1,0,250.23,14.9757,39.9269,1.37307,1.37283,0
1,0,1,248.716,15.0113,40.1407,1.27303,0,0.117208
0,1,1,250.844,15.036,40.0017,0,1.27248,0.116866
1,0,0,248.662,15.0069,40.1363,1.37555,0,0
0,1,0,250.962,15.0337,39.9861,0,1.37459,0
